{
    "MorphTargets": {
        "CenterData": [
            false,
            ""
        ],
        "MorphShape": [
            [
                "",
                [
                    10.0,
                    0.0
                ]
            ],
            [
                "",
                [
                    -5.000000476837158,
                    8.660253524780273
                ]
            ],
            [
                "",
                [
                    -4.999999046325684,
                    -8.66025447845459
                ]
            ]
        ]
    },
    "composite_clips": {},
    "override_frame_ranges": {
        "default": {
            "end": 280,
            "start": 0
        }
    }
}